date,state,district,market,commodity,arrivals_tonnes,min_price,max_price,modal_price,year,month
2024-01-01,Madhya Pradesh,Ujjain,Ujjain APMC,Onion,11.71,200.0,1670.0,200.0,2024,1
2024-01-02,Madhya Pradesh,Ujjain,Ujjain APMC,Onion,5.99,1148.0,1782.0,1148.0,2024,1
2024-01-03,Madhya Pradesh,Ujjain,Ujjain APMC,Onion,13.88,1210.0,2012.0,1210.0,2024,1
2024-01-04,Madhya Pradesh,Ujjain,Ujjain APMC,Onion,16.33,986.0,2006.0,986.0,2024,1
2024-01-05,Madhya Pradesh,Ujjain,Ujjain APMC,Onion,38.79,400.0,1727.0,400.0,2024,1
2024-01-06,Madhya Pradesh,Ujjain,Ujjain APMC,Onion,40.68,280.0,1790.0,280.0,2024,1
2024-01-08,Madhya Pradesh,Ujjain,Ujjain APMC,Onion,39.86,570.0,1624.0,570.0,2024,1
2024-01-09,Madhya Pradesh,Ujjain,Ujjain APMC,Onion,26.6,511.0,1875.0,511.0,2024,1
2024-01-10,Madhya Pradesh,Ujjain,Ujjain APMC,Onion,18.86,583.0,1214.0,583.0,2024,1
2024-01-11,Madhya Pradesh,Ujjain,Ujjain APMC,Onion,36.97,534.0,1454.0,534.0,2024,1
2024-01-12,Madhya Pradesh,Ujjain,Ujjain APMC,Onion,26.41,450.0,1825.0,450.0,2024,1
2024-01-13,Madhya Pradesh,Ujjain,Ujjain APMC,Onion,36.33,381.0,1706.0,381.0,2024,1
2024-01-16,Madhya Pradesh,Ujjain,Ujjain APMC,Onion,42.49,856.0,2151.0,856.0,2024,1
2024-01-17,Madhya Pradesh,Ujjain,Ujjain APMC,Onion,45.15,220.0,1900.0,220.0,2024,1
2024-01-18,Madhya Pradesh,Ujjain,Ujjain APMC,Onion,122.88,474.0,1524.0,474.0,2024,1
2024-01-19,Madhya Pradesh,Ujjain,Ujjain APMC,Onion,179.94,100.0,1451.0,100.0,2024,1
2024-01-20,Madhya Pradesh,Ujjain,Ujjain APMC,Onion,92.27,150.0,1033.0,400.0,2024,1
2024-01-23,Madhya Pradesh,Ujjain,Ujjain APMC,Onion,32.12,376.0,1154.0,376.0,2024,1
2024-01-24,Madhya Pradesh,Ujjain,Ujjain APMC,Onion,64.97,214.0,1011.0,214.0,2024,1
2024-01-25,Madhya Pradesh,Ujjain,Ujjain APMC,Onion,106.49,134.0,1133.0,700.0,2024,1
2024-01-27,Madhya Pradesh,Ujjain,Ujjain APMC,Onion,123.42,201.0,1297.0,201.0,2024,1
2024-01-29,Madhya Pradesh,Ujjain,Ujjain APMC,Onion,125.9,140.0,1138.0,140.0,2024,1
2024-01-30,Madhya Pradesh,Ujjain,Ujjain APMC,Onion,88.31,180.0,924.0,250.0,2024,1
2024-01-31,Madhya Pradesh,Ujjain,Ujjain APMC,Onion,79.35,229.0,973.0,229.0,2024,1
2024-02-01,Madhya Pradesh,Ujjain,Ujjain APMC,Onion,87.88,170.0,999.0,170.0,2024,2
2024-02-02,Madhya Pradesh,Ujjain,Ujjain APMC,Onion,45.81,200.0,1024.0,200.0,2024,2
2024-02-03,Madhya Pradesh,Ujjain,Ujjain APMC,Onion,77.15,200.0,1100.0,200.0,2024,2
2024-02-05,Madhya Pradesh,Ujjain,Ujjain APMC,Onion,42.8,220.0,1116.0,700.0,2024,2
2024-02-06,Madhya Pradesh,Ujjain,Ujjain APMC,Onion,34.97,264.0,1016.0,264.0,2024,2
2024-02-07,Madhya Pradesh,Ujjain,Ujjain APMC,Onion,39.27,182.0,1194.0,1000.0,2024,2
2024-02-08,Madhya Pradesh,Ujjain,Ujjain APMC,Onion,35.05,213.0,1025.0,213.0,2024,2
2024-02-09,Madhya Pradesh,Ujjain,Ujjain APMC,Onion,41.3,180.0,1257.0,200.0,2024,2
2024-02-10,Madhya Pradesh,Ujjain,Ujjain APMC,Onion,33.05,222.0,1122.0,222.0,2024,2
2024-02-12,Madhya Pradesh,Ujjain,Ujjain APMC,Onion,27.29,188.0,1451.0,188.0,2024,2
2024-02-13,Madhya Pradesh,Ujjain,Ujjain APMC,Onion,45.6,190.0,1311.0,190.0,2024,2
2024-02-15,Madhya Pradesh,Ujjain,Ujjain APMC,Onion,47.79,100.0,1149.0,200.0,2024,2
2024-02-16,Madhya Pradesh,Ujjain,Ujjain APMC,Onion,43.2,329.0,1119.0,329.0,2024,2
2024-02-17,Madhya Pradesh,Ujjain,Ujjain APMC,Onion,29.91,443.0,1152.0,443.0,2024,2
2024-02-19,Madhya Pradesh,Ujjain,Ujjain APMC,Onion,24.46,430.0,1497.0,430.0,2024,2
2024-02-20,Madhya Pradesh,Ujjain,Ujjain APMC,Onion,29.94,220.0,1811.0,1811.0,2024,2
2024-02-21,Madhya Pradesh,Ujjain,Ujjain APMC,Onion,26.21,274.0,2550.0,274.0,2024,2
2024-02-22,Madhya Pradesh,Ujjain,Ujjain APMC,Onion,12.12,746.0,2550.0,746.0,2024,2
2024-02-23,Madhya Pradesh,Ujjain,Ujjain APMC,Onion,41.18,330.0,2550.0,400.0,2024,2
2024-02-24,Madhya Pradesh,Ujjain,Ujjain APMC,Onion,19.84,243.0,1163.0,243.0,2024,2
2024-02-27,Madhya Pradesh,Ujjain,Ujjain APMC,Onion,105.88,323.0,1593.0,600.0,2024,2
2024-02-28,Madhya Pradesh,Ujjain,Ujjain APMC,Onion,56.83,400.0,1242.0,400.0,2024,2
2024-02-29,Madhya Pradesh,Ujjain,Ujjain APMC,Onion,78.44,240.0,1449.0,1449.0,2024,2
2024-03-01,Madhya Pradesh,Ujjain,Ujjain APMC,Onion,42.78,210.0,1219.0,1219.0,2024,3
2024-03-02,Madhya Pradesh,Ujjain,Ujjain APMC,Onion,32.77,160.0,1045.0,1045.0,2024,3
2024-03-04,Madhya Pradesh,Ujjain,Ujjain APMC,Onion,39.13,350.0,2072.0,600.0,2024,3
2024-03-05,Madhya Pradesh,Ujjain,Ujjain APMC,Onion,32.67,250.0,2350.0,2350.0,2024,3
2024-03-06,Madhya Pradesh,Ujjain,Ujjain APMC,Onion,48.71,350.0,1843.0,1843.0,2024,3
2024-03-07,Madhya Pradesh,Ujjain,Ujjain APMC,Onion,36.97,200.0,1701.0,1701.0,2024,3
2024-03-09,Madhya Pradesh,Ujjain,Ujjain APMC,Onion,39.03,320.0,1389.0,1389.0,2024,3
2024-03-11,Madhya Pradesh,Ujjain,Ujjain APMC,Onion,42.71,400.0,1625.0,1625.0,2024,3
2024-03-12,Madhya Pradesh,Ujjain,Ujjain APMC,Onion,42.46,274.0,1362.0,1362.0,2024,3
2024-03-13,Madhya Pradesh,Ujjain,Ujjain APMC,Onion,33.27,249.0,1472.0,1472.0,2024,3
2024-03-14,Madhya Pradesh,Ujjain,Ujjain APMC,Onion,44.02,240.0,2111.0,500.0,2024,3
2024-03-15,Madhya Pradesh,Ujjain,Ujjain APMC,Onion,32.57,280.0,2000.0,2000.0,2024,3
2024-03-16,Madhya Pradesh,Ujjain,Ujjain APMC,Onion,45.81,200.0,1950.0,1950.0,2024,3
2024-03-18,Madhya Pradesh,Ujjain,Ujjain APMC,Onion,65.39,180.0,1949.0,1949.0,2024,3
2024-03-19,Madhya Pradesh,Ujjain,Ujjain APMC,Onion,30.38,200.0,1950.0,200.0,2024,3
2024-03-20,Madhya Pradesh,Ujjain,Ujjain APMC,Onion,31.76,220.0,1896.0,1896.0,2024,3
2024-03-21,Madhya Pradesh,Ujjain,Ujjain APMC,Onion,42.17,416.0,1739.0,1739.0,2024,3
2024-03-22,Madhya Pradesh,Ujjain,Ujjain APMC,Onion,31.45,500.0,1557.0,900.0,2024,3
2024-03-23,Madhya Pradesh,Ujjain,Ujjain APMC,Onion,23.8,310.0,1850.0,1850.0,2024,3
2024-03-26,Madhya Pradesh,Ujjain,Ujjain APMC,Onion,28.64,1496.0,1800.0,1800.0,2024,3
2024-03-27,Madhya Pradesh,Ujjain,Ujjain APMC,Onion,39.46,360.0,1700.0,1700.0,2024,3
2024-03-28,Madhya Pradesh,Ujjain,Ujjain APMC,Onion,43.38,384.0,1650.0,1650.0,2024,3
2024-03-29,Madhya Pradesh,Ujjain,Ujjain APMC,Onion,40.06,518.0,1650.0,1650.0,2024,3
2024-04-01,Madhya Pradesh,Ujjain,Ujjain APMC,Onion,67.37,355.0,1425.0,1425.0,2024,4
2024-04-02,Madhya Pradesh,Ujjain,Ujjain APMC,Onion,86.92,120.0,1293.0,1200.0,2024,4
2024-04-03,Madhya Pradesh,Ujjain,Ujjain APMC,Onion,115.59,140.0,1300.0,1300.0,2024,4
2024-04-04,Madhya Pradesh,Ujjain,Ujjain APMC,Onion,57.03,267.0,1600.0,1600.0,2024,4
2024-04-05,Madhya Pradesh,Ujjain,Ujjain APMC,Onion,61.79,200.0,1843.0,1843.0,2024,4
2024-04-06,Madhya Pradesh,Ujjain,Ujjain APMC,Onion,70.48,498.0,1600.0,1400.0,2024,4
2024-04-08,Madhya Pradesh,Ujjain,Ujjain APMC,Onion,50.9,682.0,1811.0,1811.0,2024,4
2024-04-13,Madhya Pradesh,Ujjain,Ujjain APMC,Onion,85.94,341.0,1699.0,500.0,2024,4
2024-04-15,Madhya Pradesh,Ujjain,Ujjain APMC,Onion,186.82,374.0,1711.0,1600.0,2024,4
2024-04-16,Madhya Pradesh,Ujjain,Ujjain APMC,Onion,52.44,519.0,1764.0,1650.0,2024,4
2024-04-18,Madhya Pradesh,Ujjain,Ujjain APMC,Onion,74.04,676.0,1750.0,1750.0,2024,4
2024-04-19,Madhya Pradesh,Ujjain,Ujjain APMC,Onion,70.75,400.0,1751.0,800.0,2024,4
2024-04-20,Madhya Pradesh,Ujjain,Ujjain APMC,Onion,58.68,100.0,1700.0,1700.0,2024,4
2024-04-22,Madhya Pradesh,Ujjain,Ujjain APMC,Onion,82.03,339.0,1850.0,1800.0,2024,4
2024-04-23,Madhya Pradesh,Ujjain,Ujjain APMC,Onion,80.87,600.0,2061.0,2061.0,2024,4
2024-04-24,Madhya Pradesh,Ujjain,Ujjain APMC,Onion,182.85,300.0,1711.0,1400.0,2024,4
2024-04-25,Madhya Pradesh,Ujjain,Ujjain APMC,Onion,152.01,200.0,1554.0,1300.0,2024,4
2024-04-26,Madhya Pradesh,Ujjain,Ujjain APMC,Onion,103.01,325.0,1651.0,1651.0,2024,4
2024-04-27,Madhya Pradesh,Ujjain,Ujjain APMC,Onion,86.51,300.0,1825.0,1825.0,2024,4
2024-04-29,Madhya Pradesh,Ujjain,Ujjain APMC,Onion,175.42,250.0,1632.0,400.0,2024,4
2024-04-30,Madhya Pradesh,Ujjain,Ujjain APMC,Onion,190.57,100.0,4000.0,1201.0,2024,4
2024-05-02,Madhya Pradesh,Ujjain,Ujjain APMC,Onion,364.98,202.0,2250.0,300.0,2024,5
2024-05-03,Madhya Pradesh,Ujjain,Ujjain APMC,Onion,334.59,210.0,1822.0,300.0,2024,5
2024-05-04,Madhya Pradesh,Ujjain,Ujjain APMC,Onion,351.91,248.0,2039.0,400.0,2024,5
2024-05-06,Madhya Pradesh,Ujjain,Ujjain APMC,Onion,442.95,325.0,2600.0,500.0,2024,5
2024-05-07,Madhya Pradesh,Ujjain,Ujjain APMC,Onion,413.52,247.0,2931.0,500.0,2024,5
2024-05-08,Madhya Pradesh,Ujjain,Ujjain APMC,Onion,494.24,310.0,1801.0,500.0,2024,5
2024-05-09,Madhya Pradesh,Ujjain,Ujjain APMC,Onion,427.55,300.0,1955.0,500.0,2024,5
2024-05-10,Madhya Pradesh,Ujjain,Ujjain APMC,Onion,214.34,400.0,2011.0,1100.0,2024,5
2024-05-11,Madhya Pradesh,Ujjain,Ujjain APMC,Onion,238.2,309.0,1825.0,1800.0,2024,5
2024-05-15,Madhya Pradesh,Ujjain,Ujjain APMC,Onion,479.84,320.0,1813.0,400.0,2024,5
2024-05-16,Madhya Pradesh,Ujjain,Ujjain APMC,Onion,348.19,250.0,1690.0,400.0,2024,5
2024-05-17,Madhya Pradesh,Ujjain,Ujjain APMC,Onion,492.25,173.0,1735.0,400.0,2024,5
2024-05-18,Madhya Pradesh,Ujjain,Ujjain APMC,Onion,294.97,250.0,4529.0,1400.0,2024,5
2024-05-20,Madhya Pradesh,Ujjain,Ujjain APMC,Onion,299.61,200.0,1683.0,400.0,2024,5
2024-05-21,Madhya Pradesh,Ujjain,Ujjain APMC,Onion,286.43,300.0,1600.0,800.0,2024,5
2024-05-22,Madhya Pradesh,Ujjain,Ujjain APMC,Onion,250.87,123.0,6550.0,1300.0,2024,5
2024-05-23,Madhya Pradesh,Ujjain,Ujjain APMC,Onion,151.89,365.0,1829.0,1530.0,2024,5
2024-05-24,Madhya Pradesh,Ujjain,Ujjain APMC,Onion,253.74,176.0,1811.0,500.0,2024,5
2024-05-25,Madhya Pradesh,Ujjain,Ujjain APMC,Onion,148.13,380.0,1771.0,1250.0,2024,5
2024-05-27,Madhya Pradesh,Ujjain,Ujjain APMC,Onion,259.84,250.0,1560.0,600.0,2024,5
2024-05-28,Madhya Pradesh,Ujjain,Ujjain APMC,Onion,230.16,400.0,1781.0,600.0,2024,5
2024-05-29,Madhya Pradesh,Ujjain,Ujjain APMC,Onion,192.82,400.0,2100.0,1500.0,2024,5
2024-05-30,Madhya Pradesh,Ujjain,Ujjain APMC,Onion,182.16,156.0,1887.0,1700.0,2024,5
2024-05-31,Madhya Pradesh,Ujjain,Ujjain APMC,Onion,163.42,361.0,1926.0,600.0,2024,5
2024-06-01,Madhya Pradesh,Ujjain,Ujjain APMC,Onion,237.39,200.0,2026.0,900.0,2024,6
2024-06-03,Madhya Pradesh,Ujjain,Ujjain APMC,Onion,301.7,129.0,2578.0,1600.0,2024,6
2024-06-04,Madhya Pradesh,Ujjain,Ujjain APMC,Onion,238.02,100.0,1950.0,600.0,2024,6
2024-06-05,Madhya Pradesh,Ujjain,Ujjain APMC,Onion,357.27,170.0,2181.0,600.0,2024,6
2024-06-06,Madhya Pradesh,Ujjain,Ujjain APMC,Onion,295.62,313.0,2092.0,1400.0,2024,6
2024-06-07,Madhya Pradesh,Ujjain,Ujjain APMC,Onion,550.7,200.0,2000.0,1300.0,2024,6
2024-06-08,Madhya Pradesh,Ujjain,Ujjain APMC,Onion,443.53,200.0,2211.0,600.0,2024,6
2024-06-10,Madhya Pradesh,Ujjain,Ujjain APMC,Onion,576.61,200.0,2761.0,2300.0,2024,6
2024-06-11,Madhya Pradesh,Ujjain,Ujjain APMC,Onion,608.53,478.0,2350.0,2000.0,2024,6
2024-06-12,Madhya Pradesh,Ujjain,Ujjain APMC,Onion,622.88,250.0,2299.0,1800.0,2024,6
2024-06-13,Madhya Pradesh,Ujjain,Ujjain APMC,Onion,560.74,400.0,2298.0,600.0,2024,6
2024-06-14,Madhya Pradesh,Ujjain,Ujjain APMC,Onion,617.59,400.0,2300.0,1800.0,2024,6
2024-06-15,Madhya Pradesh,Ujjain,Ujjain APMC,Onion,371.45,100.0,2510.0,2100.0,2024,6
2024-06-18,Madhya Pradesh,Ujjain,Ujjain APMC,Onion,365.7,451.0,2503.0,2100.0,2024,6
2024-06-19,Madhya Pradesh,Ujjain,Ujjain APMC,Onion,486.91,500.0,8887.0,2300.0,2024,6
2024-06-20,Madhya Pradesh,Ujjain,Ujjain APMC,Onion,440.82,461.0,3150.0,2700.0,2024,6
2024-06-21,Madhya Pradesh,Ujjain,Ujjain APMC,Onion,415.31,580.0,3010.0,2000.0,2024,6
2024-06-22,Madhya Pradesh,Ujjain,Ujjain APMC,Onion,323.53,500.0,2910.0,2700.0,2024,6
2024-06-24,Madhya Pradesh,Ujjain,Ujjain APMC,Onion,390.52,571.0,2911.0,2600.0,2024,6
2024-06-25,Madhya Pradesh,Ujjain,Ujjain APMC,Onion,383.47,438.0,3010.0,2700.0,2024,6
2024-06-26,Madhya Pradesh,Ujjain,Ujjain APMC,Onion,383.58,500.0,2863.0,2100.0,2024,6
2024-06-27,Madhya Pradesh,Ujjain,Ujjain APMC,Onion,373.42,367.0,2850.0,2800.0,2024,6
2024-06-28,Madhya Pradesh,Ujjain,Ujjain APMC,Onion,270.57,700.0,2759.0,1750.0,2024,6
2024-06-29,Madhya Pradesh,Ujjain,Ujjain APMC,Onion,292.84,500.0,2711.0,2700.0,2024,6
2024-07-01,Madhya Pradesh,Ujjain,Ujjain APMC,Onion,414.77,749.0,2950.0,2500.0,2024,7
2024-07-02,Madhya Pradesh,Ujjain,Ujjain APMC,Onion,460.61,422.0,3000.0,2700.0,2024,7
2024-07-03,Madhya Pradesh,Ujjain,Ujjain APMC,Onion,511.71,500.0,2903.0,2000.0,2024,7
2024-07-04,Madhya Pradesh,Ujjain,Ujjain APMC,Onion,382.57,300.0,3015.0,2700.0,2024,7
2024-07-05,Madhya Pradesh,Ujjain,Ujjain APMC,Onion,442.17,856.0,3124.0,2900.0,2024,7
2024-07-06,Madhya Pradesh,Ujjain,Ujjain APMC,Onion,421.17,800.0,2950.0,2900.0,2024,7
2024-07-08,Madhya Pradesh,Ujjain,Ujjain APMC,Onion,512.54,768.0,2900.0,2700.0,2024,7
2024-07-09,Madhya Pradesh,Ujjain,Ujjain APMC,Onion,327.26,500.0,2861.0,2600.0,2024,7
2024-07-10,Madhya Pradesh,Ujjain,Ujjain APMC,Onion,442.2,700.0,2804.0,2800.0,2024,7
2024-07-11,Madhya Pradesh,Ujjain,Ujjain APMC,Onion,386.59,949.0,2811.0,2500.0,2024,7
2024-07-12,Madhya Pradesh,Ujjain,Ujjain APMC,Onion,373.49,950.0,2800.0,2400.0,2024,7
2024-07-13,Madhya Pradesh,Ujjain,Ujjain APMC,Onion,323.14,798.0,2811.0,2600.0,2024,7
2024-07-15,Madhya Pradesh,Ujjain,Ujjain APMC,Onion,341.9,1000.0,2811.0,2300.0,2024,7
2024-07-16,Madhya Pradesh,Ujjain,Ujjain APMC,Onion,240.59,800.0,2801.0,2100.0,2024,7
2024-07-18,Madhya Pradesh,Ujjain,Ujjain APMC,Onion,426.11,851.0,2851.0,2300.0,2024,7
2024-07-19,Madhya Pradesh,Ujjain,Ujjain APMC,Onion,508.85,600.0,2761.0,2543.5,2024,7
2024-07-20,Madhya Pradesh,Ujjain,Ujjain APMC,Onion,413.41,700.0,2725.0,2535.5,2024,7
2024-07-22,Madhya Pradesh,Ujjain,Ujjain APMC,Onion,239.72,800.0,2771.0,2612.5,2024,7
2024-07-23,Madhya Pradesh,Ujjain,Ujjain APMC,Onion,387.55,828.0,2711.0,2600.0,2024,7
2024-07-24,Madhya Pradesh,Ujjain,Ujjain APMC,Onion,415.61,1030.0,2810.0,2400.0,2024,7
2024-07-25,Madhya Pradesh,Ujjain,Ujjain APMC,Onion,386.31,800.0,2772.0,2539.5,2024,7
2024-07-26,Madhya Pradesh,Ujjain,Ujjain APMC,Onion,320.93,550.0,2701.0,2400.0,2024,7
2024-07-27,Madhya Pradesh,Ujjain,Ujjain APMC,Onion,311.76,650.0,2728.0,2600.0,2024,7
2024-07-29,Madhya Pradesh,Ujjain,Ujjain APMC,Onion,274.18,400.0,2727.0,2100.0,2024,7
2024-07-30,Madhya Pradesh,Ujjain,Ujjain APMC,Onion,340.64,886.0,2725.0,2300.0,2024,7
2024-07-31,Madhya Pradesh,Ujjain,Ujjain APMC,Onion,379.79,900.0,2707.0,2400.0,2024,7
2024-08-01,Madhya Pradesh,Ujjain,Ujjain APMC,Onion,272.97,1000.0,2800.0,2600.0,2024,8
2024-08-02,Madhya Pradesh,Ujjain,Ujjain APMC,Onion,308.25,943.0,2752.0,2500.0,2024,8
2024-08-03,Madhya Pradesh,Ujjain,Ujjain APMC,Onion,248.93,800.0,2754.0,2500.0,2024,8
2024-08-05,Madhya Pradesh,Ujjain,Ujjain APMC,Onion,259.72,800.0,2950.0,2707.5,2024,8
2024-08-06,Madhya Pradesh,Ujjain,Ujjain APMC,Onion,363.71,700.0,3000.0,2272.5,2024,8
2024-08-07,Madhya Pradesh,Ujjain,Ujjain APMC,Onion,400.45,800.0,2971.0,2841.5,2024,8
2024-08-08,Madhya Pradesh,Ujjain,Ujjain APMC,Onion,447.2,800.0,3254.0,3100.0,2024,8
2024-08-10,Madhya Pradesh,Ujjain,Ujjain APMC,Onion,718.03,150.0,3472.0,2778.5,2024,8
2024-08-12,Madhya Pradesh,Ujjain,Ujjain APMC,Onion,597.98,1100.0,3517.0,3300.0,2024,8
2024-08-13,Madhya Pradesh,Ujjain,Ujjain APMC,Onion,612.99,800.0,3511.0,3200.0,2024,8
2024-08-14,Madhya Pradesh,Ujjain,Ujjain APMC,Onion,871.08,800.0,3650.0,3212.5,2024,8
2024-08-16,Madhya Pradesh,Ujjain,Ujjain APMC,Onion,640.76,880.0,3971.0,3025.0,2024,8
2024-08-17,Madhya Pradesh,Ujjain,Ujjain APMC,Onion,277.57,800.0,3316.0,2900.0,2024,8
2024-08-20,Madhya Pradesh,Ujjain,Ujjain APMC,Onion,142.47,952.0,3350.0,3300.0,2024,8
2024-08-21,Madhya Pradesh,Ujjain,Ujjain APMC,Onion,193.65,800.0,3611.0,3200.0,2024,8
2024-08-22,Madhya Pradesh,Ujjain,Ujjain APMC,Onion,454.43,1345.0,3607.0,3400.0,2024,8
2024-08-23,Madhya Pradesh,Ujjain,Ujjain APMC,Onion,755.15,600.0,3800.0,3400.0,2024,8
2024-08-24,Madhya Pradesh,Ujjain,Ujjain APMC,Onion,763.04,825.0,3700.0,3551.0,2024,8
2024-08-27,Madhya Pradesh,Ujjain,Ujjain APMC,Onion,416.41,200.0,3751.0,3500.0,2024,8
2024-08-28,Madhya Pradesh,Ujjain,Ujjain APMC,Onion,616.4,500.0,3700.0,3500.0,2024,8
2024-08-29,Madhya Pradesh,Ujjain,Ujjain APMC,Onion,758.99,800.0,3525.0,3175.0,2024,8
2024-08-30,Madhya Pradesh,Ujjain,Ujjain APMC,Onion,753.19,686.0,3415.0,2901.0,2024,8
2024-08-31,Madhya Pradesh,Ujjain,Ujjain APMC,Onion,440.86,749.0,3511.0,3208.0,2024,8
2024-09-03,Madhya Pradesh,Ujjain,Ujjain APMC,Onion,570.63,800.0,4021.0,3500.0,2024,9
2024-09-04,Madhya Pradesh,Ujjain,Ujjain APMC,Onion,712.59,800.0,3911.0,3300.0,2024,9
2024-09-05,Madhya Pradesh,Ujjain,Ujjain APMC,Onion,720.96,800.0,3800.0,3600.0,2024,9
2024-09-06,Madhya Pradesh,Ujjain,Ujjain APMC,Onion,650.8,600.0,3700.0,3000.0,2024,9
2024-09-07,Madhya Pradesh,Ujjain,Ujjain APMC,Onion,385.96,567.0,3721.0,3400.0,2024,9
2024-09-09,Madhya Pradesh,Ujjain,Ujjain APMC,Onion,721.86,600.0,3461.0,3299.5,2024,9
2024-09-10,Madhya Pradesh,Ujjain,Ujjain APMC,Onion,382.32,500.0,3532.0,3200.0,2024,9
2024-09-11,Madhya Pradesh,Ujjain,Ujjain APMC,Onion,401.96,723.0,3800.0,3700.0,2024,9
2024-09-12,Madhya Pradesh,Ujjain,Ujjain APMC,Onion,648.35,500.0,3852.0,3250.0,2024,9
2024-09-13,Madhya Pradesh,Ujjain,Ujjain APMC,Onion,426.23,800.0,3951.0,3500.0,2024,9
2024-09-14,Madhya Pradesh,Ujjain,Ujjain APMC,Onion,385.36,879.0,4671.0,4500.0,2024,9
2024-09-17,Madhya Pradesh,Ujjain,Ujjain APMC,Onion,1039.89,800.0,4174.0,3950.5,2024,9
2024-09-19,Madhya Pradesh,Ujjain,Ujjain APMC,Onion,591.78,800.0,4330.0,3985.5,2024,9
2024-09-20,Madhya Pradesh,Ujjain,Ujjain APMC,Onion,707.17,500.0,4351.0,4050.0,2024,9
2024-09-21,Madhya Pradesh,Ujjain,Ujjain APMC,Onion,1140.82,800.0,4411.0,4002.0,2024,9
2024-09-23,Madhya Pradesh,Ujjain,Ujjain APMC,Onion,1027.13,380.0,4500.0,4063.5,2024,9
2024-09-24,Madhya Pradesh,Ujjain,Ujjain APMC,Onion,607.48,689.0,4501.0,4197.5,2024,9
2024-09-25,Madhya Pradesh,Ujjain,Ujjain APMC,Onion,927.97,800.0,4437.0,3806.5,2024,9
2024-09-26,Madhya Pradesh,Ujjain,Ujjain APMC,Onion,630.05,700.0,4548.0,3921.5,2024,9
2024-09-27,Madhya Pradesh,Ujjain,Ujjain APMC,Onion,576.64,600.0,4126.0,3800.0,2024,9
2024-09-28,Madhya Pradesh,Ujjain,Ujjain APMC,Onion,429.1,712.0,3900.0,3800.0,2024,9
2024-09-30,Madhya Pradesh,Ujjain,Ujjain APMC,Onion,512.04,700.0,3731.0,3344.5,2024,9
2024-10-01,Madhya Pradesh,Ujjain,Ujjain APMC,Onion,340.07,849.0,3975.0,3200.0,2024,10
2024-10-03,Madhya Pradesh,Ujjain,Ujjain APMC,Onion,232.82,750.0,4231.0,3408.5,2024,10
2024-10-04,Madhya Pradesh,Ujjain,Ujjain APMC,Onion,371.71,701.0,4351.0,4000.0,2024,10
2024-10-05,Madhya Pradesh,Ujjain,Ujjain APMC,Onion,515.41,200.0,4330.0,4020.5,2024,10
2024-10-07,Madhya Pradesh,Ujjain,Ujjain APMC,Onion,629.06,753.0,4051.0,3700.0,2024,10
2024-10-08,Madhya Pradesh,Ujjain,Ujjain APMC,Onion,432.79,1000.0,4150.0,3800.0,2024,10
2024-10-09,Madhya Pradesh,Ujjain,Ujjain APMC,Onion,470.04,600.0,4100.0,3400.0,2024,10
2024-10-14,Madhya Pradesh,Ujjain,Ujjain APMC,Onion,322.23,501.0,4051.0,3700.0,2024,10
2024-10-15,Madhya Pradesh,Ujjain,Ujjain APMC,Onion,600.62,660.0,3802.0,3400.0,2024,10
2024-10-16,Madhya Pradesh,Ujjain,Ujjain APMC,Onion,597.25,900.0,3800.0,3000.0,2024,10
2024-10-17,Madhya Pradesh,Ujjain,Ujjain APMC,Onion,407.12,500.0,3811.0,3000.0,2024,10
2024-10-18,Madhya Pradesh,Ujjain,Ujjain APMC,Onion,593.79,864.0,3975.0,3000.0,2024,10
2024-10-19,Madhya Pradesh,Ujjain,Ujjain APMC,Onion,521.68,500.0,3958.0,3500.0,2024,10
2024-10-21,Madhya Pradesh,Ujjain,Ujjain APMC,Onion,390.53,1201.0,4151.0,4000.0,2024,10
2024-10-22,Madhya Pradesh,Ujjain,Ujjain APMC,Onion,466.26,850.0,4100.0,4000.0,2024,10
2024-10-23,Madhya Pradesh,Ujjain,Ujjain APMC,Onion,604.81,874.0,4251.0,3800.0,2024,10
2024-10-24,Madhya Pradesh,Ujjain,Ujjain APMC,Onion,544.33,1134.0,4250.0,4100.0,2024,10
2024-10-25,Madhya Pradesh,Ujjain,Ujjain APMC,Onion,527.95,500.0,4200.0,4000.0,2024,10
2024-10-26,Madhya Pradesh,Ujjain,Ujjain APMC,Onion,471.62,500.0,4175.0,4000.0,2024,10
2024-10-28,Madhya Pradesh,Ujjain,Ujjain APMC,Onion,348.33,1025.0,4300.0,3900.0,2024,10
2024-11-04,Madhya Pradesh,Ujjain,Ujjain APMC,Onion,269.05,1296.0,5374.0,4300.0,2024,11
2024-11-05,Madhya Pradesh,Ujjain,Ujjain APMC,Onion,213.24,200.0,5041.0,4801.0,2024,11
2024-11-06,Madhya Pradesh,Ujjain,Ujjain APMC,Onion,265.26,1485.0,5100.0,5000.0,2024,11
2024-11-07,Madhya Pradesh,Ujjain,Ujjain APMC,Onion,250.29,1150.0,5308.0,5000.0,2024,11
2024-11-08,Madhya Pradesh,Ujjain,Ujjain APMC,Onion,328.84,1600.0,5120.0,4800.0,2024,11
2024-11-09,Madhya Pradesh,Ujjain,Ujjain APMC,Onion,345.52,550.0,4851.0,4700.0,2024,11
2024-11-11,Madhya Pradesh,Ujjain,Ujjain APMC,Onion,360.7,883.0,4751.0,4500.0,2024,11
2024-11-12,Madhya Pradesh,Ujjain,Ujjain APMC,Onion,221.77,500.0,5024.0,4700.0,2024,11
2024-11-13,Madhya Pradesh,Ujjain,Ujjain APMC,Onion,287.86,400.0,4850.0,4800.0,2024,11
2024-11-14,Madhya Pradesh,Ujjain,Ujjain APMC,Onion,204.11,600.0,4900.0,4700.0,2024,11
2024-11-16,Madhya Pradesh,Ujjain,Ujjain APMC,Onion,170.7,300.0,4731.0,4300.0,2024,11
2024-11-18,Madhya Pradesh,Ujjain,Ujjain APMC,Onion,149.79,663.0,4200.0,3800.0,2024,11
2024-11-19,Madhya Pradesh,Ujjain,Ujjain APMC,Onion,145.56,500.0,4457.0,3849.0,2024,11
2024-11-20,Madhya Pradesh,Ujjain,Ujjain APMC,Onion,119.48,501.0,4100.0,3800.0,2024,11
2024-11-21,Madhya Pradesh,Ujjain,Ujjain APMC,Onion,61.03,500.0,3951.0,3600.0,2024,11
2024-11-22,Madhya Pradesh,Ujjain,Ujjain APMC,Onion,57.4,650.0,4000.0,1000.0,2024,11
2024-11-23,Madhya Pradesh,Ujjain,Ujjain APMC,Onion,19.38,950.0,3834.0,3834.0,2024,11
2024-11-25,Madhya Pradesh,Ujjain,Ujjain APMC,Onion,30.17,771.0,3601.0,3601.0,2024,11
2024-11-26,Madhya Pradesh,Ujjain,Ujjain APMC,Onion,18.76,1571.0,3900.0,2600.0,2024,11
2024-11-27,Madhya Pradesh,Ujjain,Ujjain APMC,Onion,25.45,680.0,4000.0,4000.0,2024,11
2024-11-28,Madhya Pradesh,Ujjain,Ujjain APMC,Onion,24.09,650.0,4311.0,3300.0,2024,11
2024-12-02,Madhya Pradesh,Ujjain,Ujjain APMC,Onion,23.85,1500.0,4000.0,4000.0,2024,12
2024-12-03,Madhya Pradesh,Ujjain,Ujjain APMC,Onion,12.45,1538.0,3539.0,3539.0,2024,12
2024-12-05,Madhya Pradesh,Ujjain,Ujjain APMC,Onion,25.91,1000.0,3960.0,3880.0,2024,12
2024-12-06,Madhya Pradesh,Ujjain,Ujjain APMC,Onion,10.21,2756.0,3851.0,3851.0,2024,12
2024-12-07,Madhya Pradesh,Ujjain,Ujjain APMC,Onion,30.1,767.0,3950.0,3950.0,2024,12
2024-12-09,Madhya Pradesh,Ujjain,Ujjain APMC,Onion,10.37,1800.0,3507.0,3507.0,2024,12
2024-12-11,Madhya Pradesh,Ujjain,Ujjain APMC,Onion,29.93,1628.0,3661.0,3661.0,2024,12
2024-12-12,Madhya Pradesh,Ujjain,Ujjain APMC,Onion,26.51,1200.0,3900.0,3900.0,2024,12
2024-12-13,Madhya Pradesh,Ujjain,Ujjain APMC,Onion,38.94,1535.0,3454.0,3454.0,2024,12
2024-12-14,Madhya Pradesh,Ujjain,Ujjain APMC,Onion,23.8,800.0,3224.0,3224.0,2024,12
2024-12-16,Madhya Pradesh,Ujjain,Ujjain APMC,Onion,38.51,900.0,3079.0,3079.0,2024,12
2024-12-17,Madhya Pradesh,Ujjain,Ujjain APMC,Onion,38.17,200.0,2591.0,2591.0,2024,12
2024-12-18,Madhya Pradesh,Ujjain,Ujjain APMC,Onion,37.49,200.0,2249.0,1800.0,2024,12
2024-12-19,Madhya Pradesh,Ujjain,Ujjain APMC,Onion,34.39,900.0,1943.0,1400.0,2024,12
2024-12-20,Madhya Pradesh,Ujjain,Ujjain APMC,Onion,49.72,1062.0,2000.0,2000.0,2024,12
2024-12-21,Madhya Pradesh,Ujjain,Ujjain APMC,Onion,31.83,480.0,1997.0,1997.0,2024,12
2024-12-23,Madhya Pradesh,Ujjain,Ujjain APMC,Onion,30.94,603.0,1626.0,1626.0,2024,12
2024-12-24,Madhya Pradesh,Ujjain,Ujjain APMC,Onion,41.0,752.0,1810.0,1100.0,2024,12
2024-12-25,Madhya Pradesh,Ujjain,Ujjain APMC,Onion,38.68,515.0,1786.0,1786.0,2024,12
2024-12-26,Madhya Pradesh,Ujjain,Ujjain APMC,Onion,26.8,200.0,1741.0,1741.0,2024,12
2024-12-27,Madhya Pradesh,Ujjain,Ujjain APMC,Onion,35.97,464.0,1742.0,1742.0,2024,12
2024-12-28,Madhya Pradesh,Ujjain,Ujjain APMC,Onion,40.33,607.0,2200.0,2200.0,2024,12
2024-12-30,Madhya Pradesh,Ujjain,Ujjain APMC,Onion,10.43,1101.0,2461.0,2461.0,2024,12
2024-12-31,Madhya Pradesh,Ujjain,Ujjain APMC,Onion,15.74,800.0,2620.0,2620.0,2024,12
2025-01-01,Madhya Pradesh,Ujjain,Ujjain APMC,Onion,28.36,1094.0,2468.0,2468.0,2025,1
2025-01-02,Madhya Pradesh,Ujjain,Ujjain APMC,Onion,27.64,1933.0,2600.0,2600.0,2025,1
2025-01-03,Madhya Pradesh,Ujjain,Ujjain APMC,Onion,48.76,700.0,2409.0,2409.0,2025,1
2025-01-04,Madhya Pradesh,Ujjain,Ujjain APMC,Onion,47.32,448.0,2269.0,2101.0,2025,1
2025-01-06,Madhya Pradesh,Ujjain,Ujjain APMC,Onion,94.59,1060.0,2493.0,1600.0,2025,1
2025-01-07,Madhya Pradesh,Ujjain,Ujjain APMC,Onion,53.33,966.0,2323.0,1600.0,2025,1
2025-01-08,Madhya Pradesh,Ujjain,Ujjain APMC,Onion,71.44,655.0,2279.0,2279.0,2025,1
2025-01-10,Madhya Pradesh,Ujjain,Ujjain APMC,Onion,65.25,550.0,2084.0,2084.0,2025,1
2025-01-11,Madhya Pradesh,Ujjain,Ujjain APMC,Onion,72.63,571.0,1856.0,1100.0,2025,1
2025-01-13,Madhya Pradesh,Ujjain,Ujjain APMC,Onion,45.3,643.0,1714.0,1714.0,2025,1
2025-01-15,Madhya Pradesh,Ujjain,Ujjain APMC,Onion,19.02,350.0,2000.0,2000.0,2025,1
2025-01-16,Madhya Pradesh,Ujjain,Ujjain APMC,Onion,51.58,700.0,1901.0,1901.0,2025,1
2025-01-17,Madhya Pradesh,Ujjain,Ujjain APMC,Onion,52.74,704.0,2113.0,2113.0,2025,1
2025-01-18,Madhya Pradesh,Ujjain,Ujjain APMC,Onion,57.42,424.0,2100.0,2100.0,2025,1
2025-01-20,Madhya Pradesh,Ujjain,Ujjain APMC,Onion,67.69,1000.0,2251.0,2100.0,2025,1
2025-01-21,Madhya Pradesh,Ujjain,Ujjain APMC,Onion,67.69,949.0,2200.0,2200.0,2025,1
2025-01-22,Madhya Pradesh,Ujjain,Ujjain APMC,Onion,55.94,1372.0,2187.0,2100.0,2025,1
2025-01-23,Madhya Pradesh,Ujjain,Ujjain APMC,Onion,77.65,1177.0,2090.0,2090.0,2025,1
2025-01-24,Madhya Pradesh,Ujjain,Ujjain APMC,Onion,137.79,740.0,2080.0,2080.0,2025,1
2025-01-25,Madhya Pradesh,Ujjain,Ujjain APMC,Onion,96.03,744.0,2191.0,2191.0,2025,1
2025-01-27,Madhya Pradesh,Ujjain,Ujjain APMC,Onion,132.28,525.0,2120.0,2063.0,2025,1
2025-01-28,Madhya Pradesh,Ujjain,Ujjain APMC,Onion,139.88,636.0,2066.0,2000.0,2025,1
2025-01-29,Madhya Pradesh,Ujjain,Ujjain APMC,Onion,96.1,855.0,1969.0,1969.0,2025,1
2025-01-30,Madhya Pradesh,Ujjain,Ujjain APMC,Onion,150.22,300.0,2021.0,1700.0,2025,1
2025-01-31,Madhya Pradesh,Ujjain,Ujjain APMC,Onion,126.74,500.0,2000.0,2000.0,2025,1
2025-02-01,Madhya Pradesh,Ujjain,Ujjain APMC,Onion,120.1,769.0,2050.0,2050.0,2025,2
2025-02-04,Madhya Pradesh,Ujjain,Ujjain APMC,Onion,238.65,224.0,2058.0,2038.0,2025,2
2025-02-05,Madhya Pradesh,Ujjain,Ujjain APMC,Onion,130.13,400.0,2100.0,2100.0,2025,2
2025-02-06,Madhya Pradesh,Ujjain,Ujjain APMC,Onion,161.91,563.0,2255.0,2150.0,2025,2
2025-02-07,Madhya Pradesh,Ujjain,Ujjain APMC,Onion,111.25,898.0,2237.0,2237.0,2025,2
2025-02-08,Madhya Pradesh,Ujjain,Ujjain APMC,Onion,130.3,765.0,2276.0,2113.0,2025,2
2025-02-10,Madhya Pradesh,Ujjain,Ujjain APMC,Onion,100.14,400.0,2484.0,2484.0,2025,2
2025-02-11,Madhya Pradesh,Ujjain,Ujjain APMC,Onion,100.72,857.0,2608.0,2608.0,2025,2
2025-02-12,Madhya Pradesh,Ujjain,Ujjain APMC,Onion,91.2,750.0,2627.0,2627.0,2025,2
2025-02-13,Madhya Pradesh,Ujjain,Ujjain APMC,Onion,104.67,1506.0,2850.0,2850.0,2025,2
2025-02-14,Madhya Pradesh,Ujjain,Ujjain APMC,Onion,87.93,1092.0,3115.0,2900.0,2025,2
2025-02-15,Madhya Pradesh,Ujjain,Ujjain APMC,Onion,99.31,1475.0,3100.0,3100.0,2025,2
2025-02-17,Madhya Pradesh,Ujjain,Ujjain APMC,Onion,105.92,1024.0,2920.0,2787.5,2025,2
2025-02-18,Madhya Pradesh,Ujjain,Ujjain APMC,Onion,83.36,600.0,2800.0,2400.0,2025,2
2025-02-19,Madhya Pradesh,Ujjain,Ujjain APMC,Onion,95.17,700.0,2400.0,2355.0,2025,2
2025-02-20,Madhya Pradesh,Ujjain,Ujjain APMC,Onion,97.67,559.0,2300.0,2300.0,2025,2
2025-02-21,Madhya Pradesh,Ujjain,Ujjain APMC,Onion,85.57,250.0,2410.0,2315.5,2025,2
2025-02-22,Madhya Pradesh,Ujjain,Ujjain APMC,Onion,93.6,600.0,2724.0,2000.0,2025,2
2025-02-24,Madhya Pradesh,Ujjain,Ujjain APMC,Onion,70.58,652.0,2600.0,2351.33,2025,2
2025-02-25,Madhya Pradesh,Ujjain,Ujjain APMC,Onion,69.47,856.0,2578.0,2578.0,2025,2
2025-02-27,Madhya Pradesh,Ujjain,Ujjain APMC,Onion,55.47,949.0,2821.0,2821.0,2025,2
2025-02-28,Madhya Pradesh,Ujjain,Ujjain APMC,Onion,69.77,982.0,2941.0,1800.0,2025,2
2025-03-01,Madhya Pradesh,Ujjain,Ujjain APMC,Onion,93.58,850.0,2616.0,2616.0,2025,3
2025-03-03,Madhya Pradesh,Ujjain,Ujjain APMC,Onion,104.1,400.0,3125.0,1700.0,2025,3
2025-03-04,Madhya Pradesh,Ujjain,Ujjain APMC,Onion,68.13,350.0,2300.0,2000.0,2025,3
2025-03-05,Madhya Pradesh,Ujjain,Ujjain APMC,Onion,70.57,774.0,2260.0,1500.0,2025,3
2025-03-06,Madhya Pradesh,Ujjain,Ujjain APMC,Onion,79.38,237.0,2100.0,2000.0,2025,3
2025-03-07,Madhya Pradesh,Ujjain,Ujjain APMC,Onion,81.17,400.0,2300.0,1200.0,2025,3
2025-03-08,Madhya Pradesh,Ujjain,Ujjain APMC,Onion,96.75,320.0,2335.0,2300.0,2025,3
2025-03-10,Madhya Pradesh,Ujjain,Ujjain APMC,Onion,171.28,431.0,2197.0,1200.0,2025,3
2025-03-11,Madhya Pradesh,Ujjain,Ujjain APMC,Onion,138.87,185.0,1811.0,1200.0,2025,3
2025-03-12,Madhya Pradesh,Ujjain,Ujjain APMC,Onion,124.99,171.0,1366.0,1200.0,2025,3
2025-03-13,Madhya Pradesh,Ujjain,Ujjain APMC,Onion,36.55,437.0,1500.0,800.0,2025,3
2025-03-15,Madhya Pradesh,Ujjain,Ujjain APMC,Onion,29.55,808.0,1700.0,1700.0,2025,3
2025-03-17,Madhya Pradesh,Ujjain,Ujjain APMC,Onion,104.81,180.0,1400.0,1400.0,2025,3
2025-03-18,Madhya Pradesh,Ujjain,Ujjain APMC,Onion,112.63,575.0,1485.0,950.0,2025,3
2025-03-20,Madhya Pradesh,Ujjain,Ujjain APMC,Onion,153.32,200.0,1314.0,851.0,2025,3
2025-03-21,Madhya Pradesh,Ujjain,Ujjain APMC,Onion,161.62,260.0,1384.0,1200.0,2025,3
2025-03-22,Madhya Pradesh,Ujjain,Ujjain APMC,Onion,117.45,442.0,1349.0,1349.0,2025,3
2025-03-24,Madhya Pradesh,Ujjain,Ujjain APMC,Onion,157.51,222.0,1400.0,1100.0,2025,3
2025-03-25,Madhya Pradesh,Ujjain,Ujjain APMC,Onion,139.97,350.0,1295.0,1050.0,2025,3
2025-03-26,Madhya Pradesh,Ujjain,Ujjain APMC,Onion,114.05,350.0,1458.0,1300.0,2025,3
2025-03-27,Madhya Pradesh,Ujjain,Ujjain APMC,Onion,235.88,400.0,1500.0,1150.0,2025,3
2025-04-01,Madhya Pradesh,Ujjain,Ujjain APMC,Onion,176.03,700.0,1301.0,1301.0,2025,4
2025-04-02,Madhya Pradesh,Ujjain,Ujjain APMC,Onion,316.68,300.0,1250.0,1125.0,2025,4
2025-04-03,Madhya Pradesh,Ujjain,Ujjain APMC,Onion,330.57,450.0,1210.0,700.0,2025,4
2025-04-04,Madhya Pradesh,Ujjain,Ujjain APMC,Onion,372.77,400.0,1259.0,1000.0,2025,4
2025-04-07,Madhya Pradesh,Ujjain,Ujjain APMC,Onion,405.01,400.0,1251.0,1100.0,2025,4
2025-04-08,Madhya Pradesh,Ujjain,Ujjain APMC,Onion,378.94,420.0,1248.0,1150.0,2025,4
2025-04-09,Madhya Pradesh,Ujjain,Ujjain APMC,Onion,525.01,321.0,1401.0,1100.0,2025,4
2025-04-10,Madhya Pradesh,Ujjain,Ujjain APMC,Onion,330.81,249.0,1228.0,1214.0,2025,4
2025-04-11,Madhya Pradesh,Ujjain,Ujjain APMC,Onion,643.06,152.0,1225.0,1100.0,2025,4
2025-04-12,Madhya Pradesh,Ujjain,Ujjain APMC,Onion,336.18,336.0,1131.0,1000.0,2025,4
2025-04-14,Madhya Pradesh,Ujjain,Ujjain APMC,Onion,428.9,400.0,1073.0,1000.0,2025,4
2025-04-15,Madhya Pradesh,Ujjain,Ujjain APMC,Onion,454.34,200.0,1085.0,1000.0,2025,4
2025-04-16,Madhya Pradesh,Ujjain,Ujjain APMC,Onion,300.35,336.0,975.0,900.0,2025,4
2025-04-17,Madhya Pradesh,Ujjain,Ujjain APMC,Onion,393.49,225.0,1200.0,900.0,2025,4
2025-04-18,Madhya Pradesh,Ujjain,Ujjain APMC,Onion,412.44,282.0,1225.0,900.0,2025,4
2025-04-19,Madhya Pradesh,Ujjain,Ujjain APMC,Onion,290.43,250.0,1089.0,900.0,2025,4
2025-04-21,Madhya Pradesh,Ujjain,Ujjain APMC,Onion,418.79,220.0,1152.0,701.0,2025,4
2025-04-22,Madhya Pradesh,Ujjain,Ujjain APMC,Onion,383.09,224.0,1011.0,500.0,2025,4
2025-04-23,Madhya Pradesh,Ujjain,Ujjain APMC,Onion,440.38,214.0,1060.0,400.0,2025,4
2025-04-24,Madhya Pradesh,Ujjain,Ujjain APMC,Onion,394.85,120.0,1056.0,700.0,2025,4
2025-04-25,Madhya Pradesh,Ujjain,Ujjain APMC,Onion,368.95,100.0,1025.0,300.0,2025,4
2025-04-28,Madhya Pradesh,Ujjain,Ujjain APMC,Onion,763.1,149.0,1100.0,800.0,2025,4
2025-04-29,Madhya Pradesh,Ujjain,Ujjain APMC,Onion,417.31,150.0,1011.0,600.0,2025,4
2025-05-02,Madhya Pradesh,Ujjain,Ujjain APMC,Onion,455.15,110.0,1019.0,800.0,2025,5
2025-05-03,Madhya Pradesh,Ujjain,Ujjain APMC,Onion,387.39,100.0,1080.0,951.0,2025,5
2025-05-05,Madhya Pradesh,Ujjain,Ujjain APMC,Onion,326.56,100.0,1033.0,500.33,2025,5
2025-05-06,Madhya Pradesh,Ujjain,Ujjain APMC,Onion,271.88,100.0,1176.0,300.0,2025,5
2025-05-07,Madhya Pradesh,Ujjain,Ujjain APMC,Onion,374.2,100.0,1212.0,400.0,2025,5
2025-05-08,Madhya Pradesh,Ujjain,Ujjain APMC,Onion,397.9,160.0,1251.0,200.0,2025,5
2025-05-09,Madhya Pradesh,Ujjain,Ujjain APMC,Onion,405.08,110.0,1265.0,500.0,2025,5
2025-05-10,Madhya Pradesh,Ujjain,Ujjain APMC,Onion,305.11,159.0,1180.0,454.67,2025,5
2025-05-12,Madhya Pradesh,Ujjain,Ujjain APMC,Onion,366.02,100.0,1125.0,850.0,2025,5
2025-05-13,Madhya Pradesh,Ujjain,Ujjain APMC,Onion,445.53,108.0,1138.0,800.0,2025,5
2025-05-14,Madhya Pradesh,Ujjain,Ujjain APMC,Onion,442.66,100.0,1000.0,100.0,2025,5
2025-05-15,Madhya Pradesh,Ujjain,Ujjain APMC,Onion,768.76,100.0,1005.0,200.0,2025,5
2025-05-16,Madhya Pradesh,Ujjain,Ujjain APMC,Onion,519.86,100.0,1000.0,416.67,2025,5
2025-05-17,Madhya Pradesh,Ujjain,Ujjain APMC,Onion,425.1,100.0,1010.0,500.0,2025,5
2025-05-19,Madhya Pradesh,Ujjain,Ujjain APMC,Onion,407.53,100.0,861.0,400.0,2025,5
2025-05-20,Madhya Pradesh,Ujjain,Ujjain APMC,Onion,311.47,100.0,925.0,400.0,2025,5
2025-05-21,Madhya Pradesh,Ujjain,Ujjain APMC,Onion,352.44,100.0,1102.0,400.0,2025,5
2025-05-22,Madhya Pradesh,Ujjain,Ujjain APMC,Onion,106.02,100.0,1201.0,700.0,2025,5
2025-05-23,Madhya Pradesh,Ujjain,Ujjain APMC,Onion,311.78,107.0,1168.0,588.67,2025,5
2025-05-24,Madhya Pradesh,Ujjain,Ujjain APMC,Onion,282.97,100.0,1100.0,600.0,2025,5
2025-05-26,Madhya Pradesh,Ujjain,Ujjain APMC,Onion,199.31,100.0,1100.0,400.0,2025,5
2025-05-27,Madhya Pradesh,Ujjain,Ujjain APMC,Onion,208.69,120.0,1068.0,800.0,2025,5
2025-05-28,Madhya Pradesh,Ujjain,Ujjain APMC,Onion,219.26,100.0,1255.0,400.0,2025,5
2025-05-29,Madhya Pradesh,Ujjain,Ujjain APMC,Onion,140.8,141.0,1060.0,800.0,2025,5
2025-05-30,Madhya Pradesh,Ujjain,Ujjain APMC,Onion,371.03,185.0,1221.0,300.0,2025,5
2025-05-31,Madhya Pradesh,Ujjain,Ujjain APMC,Onion,295.51,100.0,1151.0,800.0,2025,5
2025-06-02,Madhya Pradesh,Ujjain,Ujjain APMC,Onion,308.83,140.0,1265.0,300.0,2025,6
2025-06-03,Madhya Pradesh,Ujjain,Ujjain APMC,Onion,287.19,100.0,1200.0,400.33,2025,6
2025-06-04,Madhya Pradesh,Ujjain,Ujjain APMC,Onion,155.43,100.0,1000.0,600.0,2025,6
2025-06-05,Madhya Pradesh,Ujjain,Ujjain APMC,Onion,204.99,111.0,1200.0,150.0,2025,6
2025-06-06,Madhya Pradesh,Ujjain,Ujjain APMC,Onion,201.79,150.0,1112.0,200.0,2025,6
2025-06-09,Madhya Pradesh,Ujjain,Ujjain APMC,Onion,151.93,150.0,1700.0,400.0,2025,6
2025-06-10,Madhya Pradesh,Ujjain,Ujjain APMC,Onion,183.16,203.0,1211.0,300.0,2025,6
2025-06-11,Madhya Pradesh,Ujjain,Ujjain APMC,Onion,267.84,112.0,1500.0,300.0,2025,6
2025-06-12,Madhya Pradesh,Ujjain,Ujjain APMC,Onion,252.35,301.0,1411.0,1000.0,2025,6
2025-06-13,Madhya Pradesh,Ujjain,Ujjain APMC,Onion,284.9,300.0,1478.0,600.0,2025,6
2025-06-14,Madhya Pradesh,Ujjain,Ujjain APMC,Onion,205.21,343.0,1375.0,1100.0,2025,6
2025-06-16,Madhya Pradesh,Ujjain,Ujjain APMC,Onion,305.87,200.0,1370.0,400.0,2025,6
2025-06-17,Madhya Pradesh,Ujjain,Ujjain APMC,Onion,240.54,200.0,1251.0,700.0,2025,6
2025-06-18,Madhya Pradesh,Ujjain,Ujjain APMC,Onion,245.52,225.0,1425.0,700.0,2025,6
2025-06-19,Madhya Pradesh,Ujjain,Ujjain APMC,Onion,284.23,200.0,1500.0,1300.0,2025,6
2025-06-20,Madhya Pradesh,Ujjain,Ujjain APMC,Onion,289.82,200.0,2790.0,350.0,2025,6
2025-06-21,Madhya Pradesh,Ujjain,Ujjain APMC,Onion,205.54,300.0,2297.0,400.0,2025,6
2025-06-23,Madhya Pradesh,Ujjain,Ujjain APMC,Onion,343.18,340.0,3501.0,400.0,2025,6
2025-06-24,Madhya Pradesh,Ujjain,Ujjain APMC,Onion,333.35,260.0,1903.0,400.0,2025,6
2025-06-25,Madhya Pradesh,Ujjain,Ujjain APMC,Onion,231.23,300.0,1710.0,1200.0,2025,6
2025-06-26,Madhya Pradesh,Ujjain,Ujjain APMC,Onion,358.93,297.0,1608.0,500.0,2025,6
2025-06-27,Madhya Pradesh,Ujjain,Ujjain APMC,Onion,471.91,218.0,3490.0,550.0,2025,6
2025-06-28,Madhya Pradesh,Ujjain,Ujjain APMC,Onion,387.76,240.0,2806.0,400.0,2025,6
2025-06-30,Madhya Pradesh,Ujjain,Ujjain APMC,Onion,391.71,294.0,2610.0,500.0,2025,6
2025-07-01,Madhya Pradesh,Ujjain,Ujjain APMC,Onion,389.74,300.0,1450.0,425.0,2025,7
2025-07-03,Madhya Pradesh,Ujjain,Ujjain APMC,Onion,290.08,200.0,3507.0,400.0,2025,7
2025-07-04,Madhya Pradesh,Ujjain,Ujjain APMC,Onion,394.28,300.0,1511.0,400.0,2025,7
2025-07-05,Madhya Pradesh,Ujjain,Ujjain APMC,Onion,325.56,300.0,1451.0,605.0,2025,7
2025-07-07,Madhya Pradesh,Ujjain,Ujjain APMC,Onion,345.68,300.0,1500.0,400.0,2025,7
2025-07-08,Madhya Pradesh,Ujjain,Ujjain APMC,Onion,428.14,300.0,1412.0,425.0,2025,7
2025-07-09,Madhya Pradesh,Ujjain,Ujjain APMC,Onion,378.25,300.0,1475.0,450.0,2025,7
2025-07-11,Madhya Pradesh,Ujjain,Ujjain APMC,Onion,470.62,286.0,1480.0,425.0,2025,7
2025-07-12,Madhya Pradesh,Ujjain,Ujjain APMC,Onion,382.31,300.0,1491.0,700.0,2025,7
2025-07-14,Madhya Pradesh,Ujjain,Ujjain APMC,Onion,328.67,390.0,1460.0,700.0,2025,7
2025-07-15,Madhya Pradesh,Ujjain,Ujjain APMC,Onion,392.11,234.0,1477.0,1400.0,2025,7
2025-07-16,Madhya Pradesh,Ujjain,Ujjain APMC,Onion,474.32,300.0,1411.0,600.0,2025,7
2025-07-17,Madhya Pradesh,Ujjain,Ujjain APMC,Onion,522.61,300.0,1351.0,700.0,2025,7
2025-07-18,Madhya Pradesh,Ujjain,Ujjain APMC,Onion,608.73,250.0,1350.0,1138.67,2025,7
2025-07-19,Madhya Pradesh,Ujjain,Ujjain APMC,Onion,444.83,200.0,1390.0,400.0,2025,7
2025-07-21,Madhya Pradesh,Ujjain,Ujjain APMC,Onion,443.17,200.0,1430.0,1000.0,2025,7
2025-07-22,Madhya Pradesh,Ujjain,Ujjain APMC,Onion,312.87,200.0,1450.0,933.33,2025,7
2025-07-23,Madhya Pradesh,Ujjain,Ujjain APMC,Onion,379.62,350.0,1411.0,714.0,2025,7
2025-07-25,Madhya Pradesh,Ujjain,Ujjain APMC,Onion,308.38,300.0,1425.0,400.0,2025,7
2025-07-28,Madhya Pradesh,Ujjain,Ujjain APMC,Onion,631.7,300.0,1301.0,1000.0,2025,7
2025-07-30,Madhya Pradesh,Ujjain,Ujjain APMC,Onion,760.68,200.0,1465.0,400.0,2025,7
2025-07-31,Madhya Pradesh,Ujjain,Ujjain APMC,Onion,651.77,238.0,1271.0,1000.0,2025,7
2025-08-01,Madhya Pradesh,Ujjain,Ujjain APMC,Onion,601.54,300.0,1265.0,400.0,2025,8
2025-08-02,Madhya Pradesh,Ujjain,Ujjain APMC,Onion,509.07,300.0,1251.0,535.33,2025,8
2025-08-04,Madhya Pradesh,Ujjain,Ujjain APMC,Onion,422.21,321.0,1351.0,1100.0,2025,8
2025-08-05,Madhya Pradesh,Ujjain,Ujjain APMC,Onion,449.54,240.0,1350.0,1000.0,2025,8
2025-08-06,Madhya Pradesh,Ujjain,Ujjain APMC,Onion,414.67,250.0,1415.0,650.0,2025,8
2025-08-07,Madhya Pradesh,Ujjain,Ujjain APMC,Onion,406.78,294.0,1500.0,1400.0,2025,8
2025-08-08,Madhya Pradesh,Ujjain,Ujjain APMC,Onion,270.5,250.0,1650.0,1300.0,2025,8
2025-08-11,Madhya Pradesh,Ujjain,Ujjain APMC,Onion,255.6,300.0,1521.0,1300.0,2025,8
2025-08-12,Madhya Pradesh,Ujjain,Ujjain APMC,Onion,313.92,300.0,1621.0,1200.0,2025,8
2025-08-13,Madhya Pradesh,Ujjain,Ujjain APMC,Onion,491.95,370.0,1717.0,1000.0,2025,8
2025-08-14,Madhya Pradesh,Ujjain,Ujjain APMC,Onion,653.45,300.0,1674.0,1300.0,2025,8
2025-08-19,Madhya Pradesh,Ujjain,Ujjain APMC,Onion,726.55,324.0,1663.0,600.0,2025,8
2025-08-20,Madhya Pradesh,Ujjain,Ujjain APMC,Onion,968.54,294.0,1550.0,600.0,2025,8
2025-08-21,Madhya Pradesh,Ujjain,Ujjain APMC,Onion,888.85,300.0,1489.0,1100.0,2025,8
2025-08-22,Madhya Pradesh,Ujjain,Ujjain APMC,Onion,286.89,277.0,1400.0,1000.0,2025,8
2025-08-25,Madhya Pradesh,Ujjain,Ujjain APMC,Onion,675.92,149.0,1351.0,622.33,2025,8
2025-08-26,Madhya Pradesh,Ujjain,Ujjain APMC,Onion,608.3,200.0,1351.0,500.0,2025,8
2025-08-27,Madhya Pradesh,Ujjain,Ujjain APMC,Onion,381.26,200.0,1385.0,400.0,2025,8
2025-08-28,Madhya Pradesh,Ujjain,Ujjain APMC,Onion,321.53,250.0,1412.0,500.0,2025,8
2025-08-29,Madhya Pradesh,Ujjain,Ujjain APMC,Onion,290.22,300.0,1308.0,1300.0,2025,8
2025-08-30,Madhya Pradesh,Ujjain,Ujjain APMC,Onion,98.36,350.0,1372.0,600.0,2025,8
2025-09-01,Madhya Pradesh,Ujjain,Ujjain APMC,Onion,1001.68,180.0,1323.0,813.0,2025,9
2025-09-02,Madhya Pradesh,Ujjain,Ujjain APMC,Onion,385.82,250.0,1272.0,600.0,2025,9
2025-09-03,Madhya Pradesh,Ujjain,Ujjain APMC,Onion,316.11,249.0,1451.0,483.0,2025,9
2025-09-04,Madhya Pradesh,Ujjain,Ujjain APMC,Onion,488.22,150.0,1313.0,1000.0,2025,9
2025-09-06,Madhya Pradesh,Ujjain,Ujjain APMC,Onion,455.89,200.0,1315.0,829.67,2025,9
2025-09-08,Madhya Pradesh,Ujjain,Ujjain APMC,Onion,536.87,149.0,1220.0,906.67,2025,9
2025-09-09,Madhya Pradesh,Ujjain,Ujjain APMC,Onion,655.71,149.0,1251.0,1000.0,2025,9
2025-09-10,Madhya Pradesh,Ujjain,Ujjain APMC,Onion,964.77,160.0,1111.0,733.33,2025,9
2025-09-11,Madhya Pradesh,Ujjain,Ujjain APMC,Onion,992.87,100.0,1150.0,600.0,2025,9
2025-09-13,Madhya Pradesh,Ujjain,Ujjain APMC,Onion,561.11,100.0,1100.0,200.0,2025,9
2025-09-15,Madhya Pradesh,Ujjain,Ujjain APMC,Onion,633.02,100.0,1040.0,700.0,2025,9
2025-09-17,Madhya Pradesh,Ujjain,Ujjain APMC,Onion,954.92,100.0,1073.0,687.0,2025,9
2025-09-18,Madhya Pradesh,Ujjain,Ujjain APMC,Onion,492.01,173.0,1000.0,700.0,2025,9
2025-09-19,Madhya Pradesh,Ujjain,Ujjain APMC,Onion,726.2,100.0,951.0,180.0,2025,9
2025-09-20,Madhya Pradesh,Ujjain,Ujjain APMC,Onion,552.47,180.0,951.0,600.0,2025,9
2025-09-22,Madhya Pradesh,Ujjain,Ujjain APMC,Onion,444.48,174.0,1150.0,664.33,2025,9
2025-09-23,Madhya Pradesh,Ujjain,Ujjain APMC,Onion,639.07,100.0,1001.0,300.0,2025,9
2025-09-24,Madhya Pradesh,Ujjain,Ujjain APMC,Onion,485.21,200.0,1180.0,700.0,2025,9
2025-09-25,Madhya Pradesh,Ujjain,Ujjain APMC,Onion,410.02,210.0,1311.0,1000.0,2025,9
2025-09-26,Madhya Pradesh,Ujjain,Ujjain APMC,Onion,258.56,200.0,1200.0,1025.0,2025,9
2025-09-27,Madhya Pradesh,Ujjain,Ujjain APMC,Onion,854.97,100.0,1123.0,850.0,2025,9
2025-09-29,Madhya Pradesh,Ujjain,Ujjain APMC,Onion,868.87,80.0,1247.0,850.0,2025,9
2025-10-04,Madhya Pradesh,Ujjain,Ujjain APMC,Onion,841.59,138.0,1100.0,1000.0,2025,10
2025-10-06,Madhya Pradesh,Ujjain,Ujjain APMC,Onion,1303.92,100.0,1120.0,669.33,2025,10
2025-10-07,Madhya Pradesh,Ujjain,Ujjain APMC,Onion,823.09,150.0,1119.0,800.0,2025,10
2025-10-08,Madhya Pradesh,Ujjain,Ujjain APMC,Onion,1052.47,150.0,1100.0,800.0,2025,10
2025-10-09,Madhya Pradesh,Ujjain,Ujjain APMC,Onion,816.77,175.0,1140.0,300.0,2025,10
2025-10-10,Madhya Pradesh,Ujjain,Ujjain APMC,Onion,15.94,401.0,572.0,572.0,2025,10
2025-10-13,Madhya Pradesh,Ujjain,Ujjain APMC,Onion,1442.68,112.0,1001.0,800.0,2025,10
2025-10-14,Madhya Pradesh,Ujjain,Ujjain APMC,Onion,1202.76,100.0,984.0,800.0,2025,10
2025-10-15,Madhya Pradesh,Ujjain,Ujjain APMC,Onion,1342.09,100.0,1200.0,433.67,2025,10
2025-10-16,Madhya Pradesh,Ujjain,Ujjain APMC,Onion,1083.85,100.0,999.0,700.0,2025,10
2025-10-24,Madhya Pradesh,Ujjain,Ujjain APMC,Onion,15.23,374.0,911.0,911.0,2025,10
2025-10-27,Madhya Pradesh,Ujjain,Ujjain APMC,Onion,229.26,250.0,1150.0,800.0,2025,10
2025-10-28,Madhya Pradesh,Ujjain,Ujjain APMC,Onion,902.05,100.0,1226.0,800.0,2025,10
2025-10-29,Madhya Pradesh,Ujjain,Ujjain APMC,Onion,1242.74,100.0,1072.0,600.0,2025,10
2025-10-30,Madhya Pradesh,Ujjain,Ujjain APMC,Onion,3.94,466.0,713.0,713.0,2025,10
2025-10-31,Madhya Pradesh,Ujjain,Ujjain APMC,Onion,993.28,100.0,1180.0,700.0,2025,10
2025-11-03,Madhya Pradesh,Ujjain,Ujjain APMC,Onion,1456.13,100.0,6533.0,841.67,2025,11
2025-11-04,Madhya Pradesh,Ujjain,Ujjain APMC,Onion,1371.39,100.0,1400.0,425.67,2025,11
2025-11-06,Madhya Pradesh,Ujjain,Ujjain APMC,Onion,1389.67,100.0,1802.0,750.0,2025,11
2025-11-07,Madhya Pradesh,Ujjain,Ujjain APMC,Onion,1198.66,100.0,1071.0,650.0,2025,11
2025-11-08,Madhya Pradesh,Ujjain,Ujjain APMC,Onion,1104.54,111.0,954.99,500.0,2025,11
2025-11-10,Madhya Pradesh,Ujjain,Ujjain APMC,Onion,1045.82,116.22,951.0,450.0,2025,11
2025-11-11,Madhya Pradesh,Ujjain,Ujjain APMC,Onion,563.17,143.63,904.7,800.0,2025,11
2025-11-12,Madhya Pradesh,Ujjain,Ujjain APMC,Onion,934.86,134.3,875.99,514.77,2025,11
2025-11-13,Madhya Pradesh,Ujjain,Ujjain APMC,Onion,597.06,100.0,1000.0,600.0,2025,11
2025-11-14,Madhya Pradesh,Ujjain,Ujjain APMC,Onion,1271.64,100.0,850.01,450.0,2025,11
2025-11-17,Madhya Pradesh,Ujjain,Ujjain APMC,Onion,1568.32,100.0,916.74,350.0,2025,11
2025-11-18,Madhya Pradesh,Ujjain,Ujjain APMC,Onion,1013.23,100.0,1231.18,300.0,2025,11
2025-11-19,Madhya Pradesh,Ujjain,Ujjain APMC,Onion,655.38,100.0,911.0,200.0,2025,11
2025-11-20,Madhya Pradesh,Ujjain,Ujjain APMC,Onion,883.64,100.0,999.1,305.5,2025,11
2025-11-21,Madhya Pradesh,Ujjain,Ujjain APMC,Onion,756.57,100.0,832.39,300.0,2025,11
2025-11-24,Madhya Pradesh,Ujjain,Ujjain APMC,Onion,1094.23,100.0,800.0,250.0,2025,11
2025-11-25,Madhya Pradesh,Ujjain,Ujjain APMC,Onion,557.24,100.0,804.45,300.0,2025,11
2025-11-26,Madhya Pradesh,Ujjain,Ujjain APMC,Onion,857.92,100.0,1973.54,300.0,2025,11
2025-11-27,Madhya Pradesh,Ujjain,Ujjain APMC,Onion,824.78,100.0,779.13,300.0,2025,11
2025-12-01,Madhya Pradesh,Ujjain,Ujjain APMC,Onion,455.24,100.0,651.0,400.0,2025,12
2025-12-04,Madhya Pradesh,Ujjain,Ujjain APMC,Onion,600.8,100.0,817.0,400.0,2025,12
2025-12-05,Madhya Pradesh,Ujjain,Ujjain APMC,Onion,477.03,100.0,825.0,562.5,2025,12
2025-12-06,Madhya Pradesh,Ujjain,Ujjain APMC,Onion,623.73,100.0,927.4,525.0,2025,12
2025-12-08,Madhya Pradesh,Ujjain,Ujjain APMC,Onion,571.7,137.82,1324.99,750.0,2025,12
2025-12-09,Madhya Pradesh,Ujjain,Ujjain APMC,Onion,511.93,182.57,1301.0,700.0,2025,12
2025-12-10,Madhya Pradesh,Ujjain,Ujjain APMC,Onion,223.14,300.0,1298.7,1230.0,2025,12
2025-12-11,Madhya Pradesh,Ujjain,Ujjain APMC,Onion,348.45,249.9,1430.0,1150.0,2025,12
2025-12-13,Madhya Pradesh,Ujjain,Ujjain APMC,Onion,1240.65,160.0,1700.0,750.0,2025,12
2025-12-25,Madhya Pradesh,Ujjain,Ujjain APMC,Onion,197.65,100.0,1872.0,850.0,2025,12
2025-12-26,Madhya Pradesh,Ujjain,Ujjain APMC,Onion,454.08,186.95,1771.99,300.0,2025,12
2025-12-27,Madhya Pradesh,Ujjain,Ujjain APMC,Onion,123.27,211.0,1300.0,325.0,2025,12
2025-12-29,Madhya Pradesh,Ujjain,Ujjain APMC,Onion,433.78,175.0,4765.0,265.0,2025,12
2025-12-30,Madhya Pradesh,Ujjain,Ujjain APMC,Onion,326.31,100.0,1315.85,225.0,2025,12
2025-12-31,Madhya Pradesh,Ujjain,Ujjain APMC,Onion,339.59,200.0,1285.91,275.0,2025,12
2026-01-01,Madhya Pradesh,Ujjain,Ujjain APMC,Onion,196.15,200.0,1689.42,200.0,2026,1
2026-01-02,Madhya Pradesh,Ujjain,Ujjain APMC,Onion,336.88,175.65,1591.28,295.0,2026,1
2026-01-03,Madhya Pradesh,Ujjain,Ujjain APMC,Onion,204.33,200.0,1667.89,200.0,2026,1
2026-01-05,Madhya Pradesh,Ujjain,Ujjain APMC,Onion,163.62,100.0,1698.0,150.0,2026,1
2026-01-06,Madhya Pradesh,Ujjain,Ujjain APMC,Onion,132.12,150.0,1351.0,200.0,2026,1
2026-01-07,Madhya Pradesh,Ujjain,Ujjain APMC,Onion,219.33,125.25,1400.45,175.0,2026,1
2026-01-08,Madhya Pradesh,Ujjain,Ujjain APMC,Onion,62.1,200.0,1419.03,300.0,2026,1
2026-01-09,Madhya Pradesh,Ujjain,Ujjain APMC,Onion,62.25,120.0,1351.0,300.0,2026,1
2026-01-10,Madhya Pradesh,Ujjain,Ujjain APMC,Onion,149.3,200.0,1601.0,250.0,2026,1
2026-01-12,Madhya Pradesh,Ujjain,Ujjain APMC,Onion,198.95,200.0,1496.61,250.0,2026,1
2026-01-15,Madhya Pradesh,Ujjain,Ujjain APMC,Onion,35.34,200.0,1475.0,225.0,2026,1
2026-01-16,Madhya Pradesh,Ujjain,Ujjain APMC,Onion,30.25,224.88,1726.5,250.0,2026,1
2026-01-17,Madhya Pradesh,Ujjain,Ujjain APMC,Onion,44.05,212.78,1528.64,250.0,2026,1
2026-01-19,Madhya Pradesh,Ujjain,Ujjain APMC,Onion,148.17,150.0,1650.0,200.0,2026,1
2026-01-24,Madhya Pradesh,Ujjain,Ujjain APMC,Onion,45.79,250.0,1525.0,250.0,2026,1
2026-01-28,Madhya Pradesh,Ujjain,Ujjain APMC,Onion,0.62,814.83,814.83,814.83,2026,1
2026-01-29,Madhya Pradesh,Ujjain,Ujjain APMC,Onion,68.15,110.0,1312.71,695.78,2026,1
2026-02-03,Madhya Pradesh,Ujjain,Ujjain APMC,Onion,78.77,223.44,1250.0,1230.99,2026,2
2026-02-05,Madhya Pradesh,Ujjain,Ujjain APMC,Onion,111.87,100.0,1150.0,1104.5,2026,2
2026-02-06,Madhya Pradesh,Ujjain,Ujjain APMC,Onion,66.88,172.95,1283.68,1204.34,2026,2
2026-02-07,Madhya Pradesh,Ujjain,Ujjain APMC,Onion,95.05,203.02,1301.0,1226.3,2026,2
2026-02-09,Madhya Pradesh,Ujjain,Ujjain APMC,Onion,78.74,174.8,1171.0,875.48,2026,2
2026-02-10,Madhya Pradesh,Ujjain,Ujjain APMC,Onion,93.28,150.0,1163.4,1141.77,2026,2
2026-02-11,Madhya Pradesh,Ujjain,Ujjain APMC,Onion,77.07,100.0,1400.0,1282.54,2026,2
2026-02-12,Madhya Pradesh,Ujjain,Ujjain APMC,Onion,56.7,150.0,1224.66,1187.33,2026,2
2026-02-13,Madhya Pradesh,Ujjain,Ujjain APMC,Onion,50.82,397.25,1296.0,1246.99,2026,2
2026-02-14,Madhya Pradesh,Ujjain,Ujjain APMC,Onion,66.33,180.0,1500.0,1378.85,2026,2
2026-02-16,Madhya Pradesh,Ujjain,Ujjain APMC,Onion,98.15,100.0,1180.0,1169.01,2026,2
2026-02-17,Madhya Pradesh,Ujjain,Ujjain APMC,Onion,55.22,353.4,1296.83,1235.1,2026,2
2026-02-18,Madhya Pradesh,Ujjain,Ujjain APMC,Onion,102.06,201.0,1376.96,1273.74,2026,2
2026-02-19,Madhya Pradesh,Ujjain,Ujjain APMC,Onion,119.13,156.0,1365.93,1198.36,2026,2
2026-02-20,Madhya Pradesh,Ujjain,Ujjain APMC,Onion,53.72,309.9,1310.15,1310.15,2026,2
2026-02-21,Madhya Pradesh,Ujjain,Ujjain APMC,Onion,31.5,120.0,1300.0,1238.83,2026,2
2026-02-23,Madhya Pradesh,Ujjain,Ujjain APMC,Onion,104.32,200.0,1400.0,1316.3,2026,2
2026-02-24,Madhya Pradesh,Ujjain,Ujjain APMC,Onion,86.45,150.0,1400.98,1329.93,2026,2
2026-02-25,Madhya Pradesh,Ujjain,Ujjain APMC,Onion,59.68,160.0,1350.93,1245.36,2026,2
2026-02-26,Madhya Pradesh,Ujjain,Ujjain APMC,Onion,72.41,180.12,1220.23,1185.12,2026,2
2026-02-27,Madhya Pradesh,Ujjain,Ujjain APMC,Onion,35.64,120.0,1175.0,1175.0,2026,2
2026-02-28,Madhya Pradesh,Ujjain,Ujjain APMC,Onion,54.31,260.0,1160.0,1141.02,2026,2
2026-03-02,Madhya Pradesh,Ujjain,Ujjain APMC,Onion,67.17,220.0,1200.24,1143.72,2026,3
2026-03-05,Madhya Pradesh,Ujjain,Ujjain APMC,Onion,24.87,251.0,1300.0,1186.99,2026,3
2026-03-06,Madhya Pradesh,Ujjain,Ujjain APMC,Onion,39.92,180.0,1175.06,1137.53,2026,3
2026-03-07,Madhya Pradesh,Ujjain,Ujjain APMC,Onion,20.65,500.0,1901.89,1616.45,2026,3
2026-03-09,Madhya Pradesh,Ujjain,Ujjain APMC,Onion,31.89,300.0,1800.0,1500.0,2026,3
2026-03-10,Madhya Pradesh,Ujjain,Ujjain APMC,Onion,49.92,104.31,1157.7,1090.85,2026,3
2026-03-11,Madhya Pradesh,Ujjain,Ujjain APMC,Onion,48.42,310.88,1501.05,1400.52,2026,3
2026-03-12,Madhya Pradesh,Ujjain,Ujjain APMC,Onion,41.21,435.42,1300.0,1227.9,2026,3
2026-03-13,Madhya Pradesh,Ujjain,Ujjain APMC,Onion,32.95,450.03,1217.78,1132.45,2026,3
2026-03-14,Madhya Pradesh,Ujjain,Ujjain APMC,Onion,45.03,470.61,1265.66,1142.83,2026,3
2026-03-16,Madhya Pradesh,Ujjain,Ujjain APMC,Onion,53.98,400.0,1549.92,1529.96,2026,3
2026-03-18,Madhya Pradesh,Ujjain,Ujjain APMC,Onion,104.92,312.8,1300.0,1262.51,2026,3
2026-03-23,Madhya Pradesh,Ujjain,Ujjain APMC,Onion,58.16,300.0,1139.67,1132.33,2026,3
2026-03-24,Madhya Pradesh,Ujjain,Ujjain APMC,Onion,94.87,120.0,1000.0,988.1,2026,3
2026-03-25,Madhya Pradesh,Ujjain,Ujjain APMC,Onion,46.81,160.0,1154.36,1040.84,2026,3
2026-03-26,Madhya Pradesh,Ujjain,Ujjain APMC,Onion,27.73,242.0,1561.68,1177.25,2026,3
2026-03-28,Madhya Pradesh,Ujjain,Ujjain APMC,Onion,42.52,571.34,1608.0,956.65,2026,3
2026-04-01,Madhya Pradesh,Ujjain,Ujjain APMC,Onion,32.09,468.77,1148.12,1109.48,2026,4
2026-04-02,Madhya Pradesh,Ujjain,Ujjain APMC,Onion,22.33,439.86,1239.59,1239.59,2026,4
2026-04-03,Madhya Pradesh,Ujjain,Ujjain APMC,Onion,112.87,212.6,988.93,831.96,2026,4
2026-04-04,Madhya Pradesh,Ujjain,Ujjain APMC,Onion,116.16,100.0,1250.0,1228.53,2026,4
2026-04-06,Madhya Pradesh,Ujjain,Ujjain APMC,Onion,87.13,100.0,1151.01,1076.01,2026,4
2026-04-07,Madhya Pradesh,Ujjain,Ujjain APMC,Onion,103.14,100.0,1142.02,1026.51,2026,4
2026-04-08,Madhya Pradesh,Ujjain,Ujjain APMC,Onion,36.72,200.0,1135.26,1135.26,2026,4
2026-04-09,Madhya Pradesh,Ujjain,Ujjain APMC,Onion,75.9,192.76,1511.01,1352.64,2026,4
2026-04-11,Madhya Pradesh,Ujjain,Ujjain APMC,Onion,91.25,242.0,1249.0,1175.0,2026,4
2026-04-13,Madhya Pradesh,Ujjain,Ujjain APMC,Onion,113.79,118.46,1300.0,1275.0,2026,4
2026-04-14,Madhya Pradesh,Ujjain,Ujjain APMC,Onion,75.65,182.74,1175.06,1135.37,2026,4
2026-04-15,Madhya Pradesh,Ujjain,Ujjain APMC,Onion,48.96,332.9,1200.0,700.0,2026,4
2026-04-16,Madhya Pradesh,Ujjain,Ujjain APMC,Onion,64.66,148.0,1275.0,1175.02,2026,4
2026-04-18,Madhya Pradesh,Ujjain,Ujjain APMC,Onion,138.98,111.6,1200.0,1185.51,2026,4
2026-04-21,Madhya Pradesh,Ujjain,Ujjain APMC,Onion,121.27,137.55,1071.0,992.13,2026,4
2026-04-23,Madhya Pradesh,Ujjain,Ujjain APMC,Onion,76.26,200.0,1350.0,1235.46,2026,4
2026-04-24,Madhya Pradesh,Ujjain,Ujjain APMC,Onion,122.7,121.2,1200.0,1155.51,2026,4
2026-04-25,Madhya Pradesh,Ujjain,Ujjain APMC,Onion,66.46,188.37,1150.0,1123.9,2026,4
2026-04-27,Madhya Pradesh,Ujjain,Ujjain APMC,Onion,41.09,110.84,1180.0,1180.0,2026,4
2026-04-28,Madhya Pradesh,Ujjain,Ujjain APMC,Onion,93.9,100.0,1351.0,1051.0,2026,4
2026-04-29,Madhya Pradesh,Ujjain,Ujjain APMC,Onion,51.63,284.64,1401.03,1381.02,2026,4
2026-04-30,Madhya Pradesh,Ujjain,Ujjain APMC,Onion,110.12,195.25,1550.0,1410.0,2026,4
2026-05-02,Madhya Pradesh,Ujjain,Ujjain APMC,Onion,285.91,159.07,1500.0,1087.5,2026,5
2026-05-04,Madhya Pradesh,Ujjain,Ujjain APMC,Onion,439.12,100.0,1600.0,1210.5,2026,5
2026-05-05,Madhya Pradesh,Ujjain,Ujjain APMC,Onion,137.14,160.0,1340.0,1300.0,2026,5
2026-05-06,Madhya Pradesh,Ujjain,Ujjain APMC,Onion,409.96,100.0,1400.0,1100.0,2026,5
2026-05-07,Madhya Pradesh,Ujjain,Ujjain APMC,Onion,234.58,125.0,1460.04,1225.01,2026,5
2026-05-08,Madhya Pradesh,Ujjain,Ujjain APMC,Onion,339.06,100.0,1347.44,762.5,2026,5
2026-05-09,Madhya Pradesh,Ujjain,Ujjain APMC,Onion,96.26,150.0,1441.95,892.0,2026,5
2026-05-11,Madhya Pradesh,Ujjain,Ujjain APMC,Onion,204.85,200.0,1400.0,855.0,2026,5
2026-05-12,Madhya Pradesh,Ujjain,Ujjain APMC,Onion,277.26,150.0,1311.06,1000.0,2026,5
2026-05-23,Madhya Pradesh,Ujjain,Ujjain APMC,Onion,38.21,200.0,1450.96,1450.96,2026,5
2026-05-27,Madhya Pradesh,Ujjain,Ujjain APMC,Onion,64.57,230.14,1250.99,900.0,2026,5
2026-05-29,Madhya Pradesh,Ujjain,Ujjain APMC,Onion,65.85,280.0,1430.0,911.0,2026,5
2026-05-30,Madhya Pradesh,Ujjain,Ujjain APMC,Onion,25.24,251.15,1292.62,1292.62,2026,5
2026-06-02,Madhya Pradesh,Ujjain,Ujjain APMC,Onion,53.77,300.0,1554.0,600.0,2026,6
2026-06-03,Madhya Pradesh,Ujjain,Ujjain APMC,Onion,249.85,200.3,1821.15,782.5,2026,6
2026-06-05,Madhya Pradesh,Ujjain,Ujjain APMC,Onion,66.4,285.0,1560.62,600.0,2026,6
2026-06-06,Madhya Pradesh,Ujjain,Ujjain APMC,Onion,90.84,223.08,1502.89,551.0,2026,6
2026-06-08,Madhya Pradesh,Ujjain,Ujjain APMC,Onion,152.44,300.0,1594.52,800.0,2026,6
2026-06-10,Madhya Pradesh,Ujjain,Ujjain APMC,Onion,143.04,294.69,1744.82,400.0,2026,6
2026-06-11,Madhya Pradesh,Ujjain,Ujjain APMC,Onion,67.38,200.0,1415.22,350.0,2026,6
2026-06-12,Madhya Pradesh,Ujjain,Ujjain APMC,Onion,205.01,300.0,1850.98,455.5,2026,6
2026-06-13,Madhya Pradesh,Ujjain,Ujjain APMC,Onion,164.84,300.0,1700.0,400.0,2026,6
2026-06-15,Madhya Pradesh,Ujjain,Ujjain APMC,Onion,2.64,784.24,784.24,784.24,2026,6
2026-06-16,Madhya Pradesh,Ujjain,Ujjain APMC,Onion,264.26,200.0,1972.73,300.0,2026,6
2026-06-18,Madhya Pradesh,Ujjain,Ujjain APMC,Onion,144.53,199.69,2201.09,500.0,2026,6
2026-06-20,Madhya Pradesh,Ujjain,Ujjain APMC,Onion,222.58,300.0,2001.0,600.0,2026,6
2026-06-22,Madhya Pradesh,Ujjain,Ujjain APMC,Onion,336.82,200.0,2100.0,600.0,2026,6
2026-06-24,Madhya Pradesh,Ujjain,Ujjain APMC,Onion,72.74,350.0,2126.0,500.0,2026,6
2026-06-25,Madhya Pradesh,Ujjain,Ujjain APMC,Onion,172.01,300.0,2480.0,600.0,2026,6
2026-06-29,Madhya Pradesh,Ujjain,Ujjain APMC,Onion,252.64,300.0,2414.98,700.0,2026,6
2026-06-30,Madhya Pradesh,Ujjain,Ujjain APMC,Onion,255.25,351.0,2550.0,600.0,2026,6
2026-07-02,Madhya Pradesh,Ujjain,Ujjain APMC,Onion,148.57,500.0,2676.02,800.0,2026,7
2026-07-03,Madhya Pradesh,Ujjain,Ujjain APMC,Onion,183.16,466.17,2200.0,1000.0,2026,7
2026-07-04,Madhya Pradesh,Ujjain,Ujjain APMC,Onion,511.63,400.0,2388.7,700.0,2026,7
2026-07-06,Madhya Pradesh,Ujjain,Ujjain APMC,Onion,464.84,341.32,2361.7,850.0,2026,7
2026-07-07,Madhya Pradesh,Ujjain,Ujjain APMC,Onion,130.28,400.0,11831.0,500.0,2026,7
2026-07-08,Madhya Pradesh,Ujjain,Ujjain APMC,Onion,185.92,500.0,2610.98,718.74,2026,7
2026-07-09,Madhya Pradesh,Ujjain,Ujjain APMC,Onion,222.12,549.15,2611.89,600.0,2026,7
2026-07-10,Madhya Pradesh,Ujjain,Ujjain APMC,Onion,204.34,600.0,2423.53,1100.0,2026,7
2026-07-11,Madhya Pradesh,Ujjain,Ujjain APMC,Onion,277.94,473.41,2211.0,1400.0,2026,7
2026-07-13,Madhya Pradesh,Ujjain,Ujjain APMC,Onion,326.57,400.0,2500.0,950.0,2026,7
2026-07-15,Madhya Pradesh,Ujjain,Ujjain APMC,Onion,306.34,400.0,2500.0,1300.0,2026,7
2026-07-16,Madhya Pradesh,Ujjain,Ujjain APMC,Onion,367.43,471.95,2439.96,1522.88,2026,7
2026-07-17,Madhya Pradesh,Ujjain,Ujjain APMC,Onion,341.1,400.0,2475.02,1800.0,2026,7
2026-07-18,Madhya Pradesh,Ujjain,Ujjain APMC,Onion,337.74,400.0,2344.21,1175.0,2026,7
2026-07-20,Madhya Pradesh,Ujjain,Ujjain APMC,Onion,248.75,300.0,2340.2,900.0,2026,7
2026-07-21,Madhya Pradesh,Ujjain,Ujjain APMC,Onion,320.76,300.0,2327.76,1600.0,2026,7
2026-07-22,Madhya Pradesh,Ujjain,Ujjain APMC,Onion,220.16,400.0,2300.0,1100.0,2026,7
2026-07-23,Madhya Pradesh,Ujjain,Ujjain APMC,Onion,287.52,479.98,2412.21,1550.5,2026,7
2026-07-24,Madhya Pradesh,Ujjain,Ujjain APMC,Onion,324.56,450.0,2374.51,1887.26,2026,7
2026-07-25,Madhya Pradesh,Ujjain,Ujjain APMC,Onion,316.42,500.0,2485.21,2156.49,2026,7
2026-07-27,Madhya Pradesh,Ujjain,Ujjain APMC,Onion,351.67,400.0,2500.0,1962.34,2026,7
2026-07-28,Madhya Pradesh,Ujjain,Ujjain APMC,Onion,287.4,450.87,2525.17,1962.58,2026,7
2026-07-30,Madhya Pradesh,Ujjain,Ujjain APMC,Onion,378.23,400.0,2453.86,1900.0,2026,7
2026-07-31,Madhya Pradesh,Ujjain,Ujjain APMC,Onion,418.13,400.0,2400.0,1600.0,2026,7
2026-08-01,Madhya Pradesh,Ujjain,Ujjain APMC,Onion,444.7,250.0,2422.01,1656.0,2026,8
2026-08-03,Madhya Pradesh,Ujjain,Ujjain APMC,Onion,473.28,349.3,2421.0,1433.5,2026,8
2026-08-04,Madhya Pradesh,Ujjain,Ujjain APMC,Onion,326.93,424.81,2356.03,2050.0,2026,8
2026-08-05,Madhya Pradesh,Ujjain,Ujjain APMC,Onion,281.65,300.0,2458.99,2129.5,2026,8
2026-08-06,Madhya Pradesh,Ujjain,Ujjain APMC,Onion,382.38,250.0,2411.05,1400.0,2026,8
2026-08-07,Madhya Pradesh,Ujjain,Ujjain APMC,Onion,155.51,300.0,2449.95,2125.0,2026,8
2026-08-08,Madhya Pradesh,Ujjain,Ujjain APMC,Onion,364.6,200.0,2649.88,1500.0,2026,8
2026-08-10,Madhya Pradesh,Ujjain,Ujjain APMC,Onion,303.22,367.71,2451.04,1550.0,2026,8
2026-08-11,Madhya Pradesh,Ujjain,Ujjain APMC,Onion,309.31,300.0,2434.68,2300.0,2026,8
2026-08-13,Madhya Pradesh,Ujjain,Ujjain APMC,Onion,447.98,247.93,2929.0,1675.0,2026,8
2026-08-14,Madhya Pradesh,Ujjain,Ujjain APMC,Onion,594.79,200.0,3124.4,2300.0,2026,8
2026-08-18,Madhya Pradesh,Ujjain,Ujjain APMC,Onion,532.23,200.0,3825.03,2600.0,2026,8
2026-08-19,Madhya Pradesh,Ujjain,Ujjain APMC,Onion,789.28,400.0,3878.01,3300.0,2026,8
2026-08-20,Madhya Pradesh,Ujjain,Ujjain APMC,Onion,942.49,137.38,3672.2,2257.35,2026,8
2026-08-21,Madhya Pradesh,Ujjain,Ujjain APMC,Onion,952.38,200.0,3700.99,3000.0,2026,8
2026-08-22,Madhya Pradesh,Ujjain,Ujjain APMC,Onion,0.95,3008.83,3008.83,3008.83,2026,8
2026-08-24,Madhya Pradesh,Ujjain,Ujjain APMC,Onion,728.37,309.0,4351.0,2776.5,2026,8
2026-08-25,Madhya Pradesh,Ujjain,Ujjain APMC,Onion,556.91,100.0,4100.0,2867.0,2026,8
2026-08-27,Madhya Pradesh,Ujjain,Ujjain APMC,Onion,691.65,200.0,4010.95,3050.0,2026,8
2026-08-29,Madhya Pradesh,Ujjain,Ujjain APMC,Onion,188.45,140.0,3651.01,2050.0,2026,8
2026-08-31,Madhya Pradesh,Ujjain,Ujjain APMC,Onion,261.77,300.0,3711.0,3203.99,2026,8
2026-09-01,Madhya Pradesh,Ujjain,Ujjain APMC,Onion,349.11,210.0,4100.0,2650.0,2026,9
2026-09-02,Madhya Pradesh,Ujjain,Ujjain APMC,Onion,476.32,300.0,4149.96,3394.58,2026,9
2026-09-03,Madhya Pradesh,Ujjain,Ujjain APMC,Onion,634.67,300.0,4352.6,2350.0,2026,9
2026-09-05,Madhya Pradesh,Ujjain,Ujjain APMC,Onion,564.41,285.01,5151.0,3950.0,2026,9
2026-09-08,Madhya Pradesh,Ujjain,Ujjain APMC,Onion,969.62,300.0,4381.0,3450.0,2026,9
2026-09-09,Madhya Pradesh,Ujjain,Ujjain APMC,Onion,903.58,148.39,4200.0,3200.0,2026,9
2026-09-10,Madhya Pradesh,Ujjain,Ujjain APMC,Onion,476.48,100.0,4001.0,3214.5,2026,9
2026-09-11,Madhya Pradesh,Ujjain,Ujjain APMC,Onion,806.45,149.45,3899.02,2962.87,2026,9
2026-09-14,Madhya Pradesh,Ujjain,Ujjain APMC,Onion,206.35,120.0,4033.44,3966.72,2026,9
2026-09-15,Madhya Pradesh,Ujjain,Ujjain APMC,Onion,482.77,300.0,4479.49,3620.58,2026,9
2026-09-16,Madhya Pradesh,Ujjain,Ujjain APMC,Onion,469.66,200.0,4150.0,3259.0,2026,9
2026-09-17,Madhya Pradesh,Ujjain,Ujjain APMC,Onion,446.83,252.0,4201.0,3420.5,2026,9
2026-09-18,Madhya Pradesh,Ujjain,Ujjain APMC,Onion,206.87,149.63,3910.0,3025.5,2026,9
2026-09-19,Madhya Pradesh,Ujjain,Ujjain APMC,Onion,69.82,1377.18,3549.96,3549.96,2026,9
